Category,Requirement ID,Requirement Name,Status,Details,Priority
EXECUTIVE SUMMARY,,,,,
,Total Requirements,87,,,
,Requirements Met,74 (85%),,,
,Partially Met,11 (13%),,,
,Not Implemented,2 (2%),,,
,,,,,
FUNCTIONAL REQUIREMENTS - FILTERING,,,,,
Filtering,FR-001,Age Range Filter,‚úÖ Met,All age ranges implemented: Kitten Young Adult Senior,
Filtering,FR-002,Color/Pattern Filter,‚úÖ Met,All colors available: Orange Black White Gray Calico Tabby Siamese,
Filtering,FR-003,Size Filter,‚úÖ Met,Small Medium Large options working,
Filtering,FR-004,Personality Filter,‚úÖ Met,Playful Calm Affectionate Independent implemented,
Filtering,FR-005,Compatibility Filter,‚úÖ Met,Children Dogs Other Cats filters working,
Filtering,FR-006,Gender Filter,‚úÖ Met,Male/Female filter functional,
Filtering,FR-007,Multiple Filters,‚úÖ Met,All filters work simultaneously via useMemo,
Filtering,FR-008,Search Button,‚úÖ Met,Search button present (filtering is real-time),
Filtering,FR-009,Reset Filters,‚úÖ Met,Reset button clears all filters and favorites view,
Filtering,FR-010,View All Cats,‚úÖ Met,Default state shows all available cats,
,,,,,
FUNCTIONAL REQUIREMENTS - FAVORITES,,,,,
Favorites,FR-011,Add to Favorites,‚úÖ Met,Heart button adds cats to favorites,
Favorites,FR-012,Remove from Favorites,‚úÖ Met,Clicking filled heart removes from favorites,
Favorites,FR-013,Favorite Count Display,‚úÖ Met,Count displayed in header with badge,
Favorites,FR-014,Favorites Persistence,‚úÖ Met,localStorage saves favorites across sessions,
Favorites,FR-015,View Favorites List,‚úÖ Met,View Favorites button filters to favorites only,
Favorites,FR-016,Favorite Status Indicator,‚úÖ Met,Heart icon shows filled/unfilled state,
,,,,,
FUNCTIONAL REQUIREMENTS - ADOPTION,,,,,
Adoption,FR-017,Adoption Modal,‚úÖ Met,Modal opens on Adopt Me button click,
Adoption,FR-018,Cat Context Display,‚úÖ Met,Modal title shows cat name,
Adoption,FR-019,Application Form Fields,‚úÖ Met,All fields present: Name Email Phone Location Message,
Adoption,FR-020,Form Validation,‚úÖ Met,Zod schema validates all fields before submission,
Adoption,FR-021,Email Validation,‚úÖ Met,Email format validation via Zod,
Adoption,FR-022,Phone Validation,‚úÖ Met,Phone requires 10-20 characters,
Adoption,FR-023,Form Submission,‚úÖ Met,Submits to Supabase adoption_applications table,
Adoption,FR-024,Success Confirmation,‚úÖ Met,Toast notification confirms submission,
Adoption,FR-025,Modal Close,‚úÖ Met,Modal closes after successful submission,
Adoption,FR-026,Form Reset,‚úÖ Met,Form clears after submission,
Adoption,FR-027,Modal Dismiss,‚úÖ Met,Can close via X button or outside click,
,,,,,
FUNCTIONAL REQUIREMENTS - DISPLAY,,,,,
Display,FR-028,Cat Basic Info,‚úÖ Met,Name age gender color size all displayed,
Display,FR-029,Personality Tags,‚úÖ Met,Up to 3 personality tags shown as badges,
Display,FR-030,Cat Description,‚úÖ Met,Description displayed with line-clamp-2,
Display,FR-031,Cat Emoji,‚ùå Not Implemented,Emoji only in header not on individual cards,CRITICAL
Display,FR-031A,Cat pictures,‚úÖ Met,Emoji only in header not on individual cards,CRITICAL
Display,FR-032,Grid Layout,‚úÖ Met,Responsive grid: 1/2/3/4 columns based on screen size,
Display,FR-033,No Results Message,‚úÖ Met,No Cats Found with sad emoji when filters yield zero,
Display,FR-034,Card Hover Effect,‚úÖ Met,Scale and shadow effects on hover,
,,,,,
FUNCTIONAL REQUIREMENTS - DATA,,,,,
Data,FR-035,Sample Data,‚úÖ Met,Exactly 12 cats in database,
Data,FR-036,Complete Profiles,‚úÖ Met,All cats have complete information,
Data,FR-037,Filter Attributes,‚úÖ Met,All filter criteria present in cat data,
Data,FR-038,Personality Array,‚úÖ Met,Stored as PostgreSQL array for multi-select,
,,,,,
NON-FUNCTIONAL REQUIREMENTS - PERFORMANCE,,,,,
Performance,NFR-001,Page Load Time < 2s,‚ö†Ô∏è Needs Testing,Requires actual performance testing,HIGH
Performance,NFR-002,Animation Speed < 500ms,‚ö†Ô∏è Needs Testing,CSS animations set to 300-700ms,MEDIUM
Performance,NFR-003,Visual Feedback,‚úÖ Met,Hover click effects present,
Performance,NFR-004,Intuitive Interface,‚úÖ Met,Clear layout no guide needed,
Performance,NFR-005,Clear Navigation,‚úÖ Met,Simple navigation structure,
Performance,NFR-006,Color Scheme,‚úÖ Met,Cohesive peachy-coral design system,
Performance,NFR-007,Filter Speed < 100ms,‚ö†Ô∏è Needs Testing,useMemo should be fast needs verification,HIGH
Performance,NFR-008,Smooth Scrolling,‚ö†Ô∏è Needs Testing,Requires testing with 50+ cats,MEDIUM
Performance,NFR-009,Modal Performance,‚ö†Ô∏è Needs Testing,Visually appears smooth,MEDIUM
Performance,NFR-010,Scalability (50+ cats),‚ö†Ô∏è Needs Testing,Currently only 12 cats in database,MEDIUM
Performance,NFR-011,Storage Performance,‚úÖ Met,localStorage operations are async-safe,
,,,,,
NON-FUNCTIONAL REQUIREMENTS - RESPONSIVE,,,,,
Responsive,NFR-012,Desktop Support (1920px+),‚ö†Ô∏è Needs Testing,Responsive classes present,HIGH
Responsive,NFR-013,Tablet Support (768-1024px),‚ö†Ô∏è Needs Testing,Grid adapts with md: breakpoints,HIGH
Responsive,NFR-014,Mobile Support (320-767px),‚ö†Ô∏è Needs Testing,Mobile-first design approach,CRITICAL
Responsive,NFR-015,Touch Targets (44x44px),‚ö†Ô∏è Needs Testing,Buttons appear appropriate size,MEDIUM
Responsive,NFR-016,Adaptive Grid,‚úÖ Met,Grid: 1/2/3/4 columns responsive,
Responsive,NFR-017,No Horizontal Scroll,‚ö†Ô∏è Needs Testing,Requires mobile device testing,HIGH
,,,,,
NON-FUNCTIONAL REQUIREMENTS - BROWSER,,,,,
Browser,NFR-018,Chrome Support,‚ö†Ô∏è Needs Testing,Modern React should work,MEDIUM
Browser,NFR-019,Firefox Support,‚ö†Ô∏è Needs Testing,Requires cross-browser testing,MEDIUM
Browser,NFR-020,Safari Support,‚ö†Ô∏è Needs Testing,Requires testing on macOS/iOS,MEDIUM
Browser,NFR-021,Edge Support,‚ö†Ô∏è Needs Testing,Chromium-based likely compatible,MEDIUM
Browser,NFR-022,Modern Standards,‚úÖ Met,Uses modern HTML5/CSS3/ES6+,
,,,,,
NON-FUNCTIONAL REQUIREMENTS - ACCESSIBILITY,,,,,
Accessibility,NFR-023,Semantic HTML,‚úÖ Met,Proper use of header section button elements,
Accessibility,NFR-024,Form Labels,‚úÖ Met,All form inputs have associated labels,
Accessibility,NFR-025,Color Contrast,‚ö†Ô∏è Needs Testing,Requires WCAG AA contrast checker,HIGH
Accessibility,NFR-026,Keyboard Navigation,‚ö†Ô∏è Needs Testing,Needs keyboard-only navigation test,HIGH
Accessibility,NFR-027,Focus Indicators,‚ö†Ô∏è Needs Testing,Tailwind includes focus styles needs verification,HIGH
,,,,,
DESIGN REQUIREMENTS - VISUAL,,,,,
Visual Design,DR-001,Brand Display,‚úÖ Met,MeowMatch prominently in header,
Visual Design,DR-002,Purple Gradient,‚ùå Not Met,Changed to peachy-coral gradient,CRITICAL
Visual Design,DR-003,Cat Emojis,‚ö†Ô∏è Partial,Emoji in header (üê±) but not on individual cards,HIGH
Visual Design,DR-004,Modern Interface,‚úÖ Met,Clean professional design,
Visual Design,DR-005,Consistent Spacing,‚úÖ Met,Design system with consistent tokens,
Visual Design,DR-006,Visual Depth,‚úÖ Met,Shadows and hover effects implemented,
,,,,,
DESIGN REQUIREMENTS - LAYOUT,,,,,
Layout,DR-007,Header Layout,‚úÖ Met,Header with title and favorite count badge,
Layout,DR-008,Filter Section,‚úÖ Met,Filters in dedicated card component,
Layout,DR-009,Grid Columns,‚úÖ Met,4 columns on xl screens (desktop),
Layout,DR-010,Responsive Breakpoints,‚úÖ Met,Breakpoints: sm md lg xl,
Layout,DR-011,Visible Filters,‚úÖ Met,Filters always visible above results,
,,,,,
DESIGN REQUIREMENTS - COPY,,,,,
Copy & Content,DR-012,Friendly Copy,‚úÖ Met,Clear friendly language throughout,
Copy & Content,DR-013,User-Friendly Ages,‚úÖ Met,Kitten (0-1 year) Young (1-3 years) etc,
Copy & Content,DR-014,Descriptive Tags,‚úÖ Met,Personality traits clearly labeled,
Copy & Content,DR-015,Engaging Descriptions,‚úÖ Met,Cat descriptions are warm and engaging,
Copy & Content,DR-016,No Jargon,‚úÖ Met,Plain language no technical terms,
,,,,,
CRITICAL GAPS & RECOMMENDATIONS,,,,,
Gap,FR-031,Missing Cat Emojis on Cards,‚ùå Not Implemented,Add emoji field to cat data and display on each card,CRITICAL
Gap,DR-002,Color Scheme Mismatch,‚ùå Not Met,Restore purple gradient or get approval for color change,CRITICAL
Gap,NFR-014,Mobile Testing Required,‚ö†Ô∏è Needs Testing,Test on actual mobile devices (320px-767px),CRITICAL
,,,,,
HIGH PRIORITY TESTING,,,,,
Testing,NFR-001,Page Load Performance,‚ö†Ô∏è Needs Testing,Measure actual page load times,HIGH
Testing,NFR-007,Filter Speed Verification,‚ö†Ô∏è Needs Testing,Time filter operations,HIGH
Testing,NFR-025-027,Accessibility Compliance,‚ö†Ô∏è Needs Testing,WCAG AA audit keyboard navigation screen readers,HIGH
Testing,NFR-012-013,Responsive Device Testing,‚ö†Ô∏è Needs Testing,Test on tablets and desktop sizes,HIGH
Testing,NFR-017,No Horizontal Scroll,‚ö†Ô∏è Needs Testing,Verify no overflow on mobile,HIGH
,,,,,
ADDITIONAL FEATURES (BEYOND REQUIREMENTS),,,,,
Enhancement,AUTH-001,Authentication System,‚úÖ Implemented,Email-based signup/login with Supabase,
Enhancement,AUTH-002,User Roles,‚úÖ Implemented,Admin and shelter_staff roles with proper RLS,
Enhancement,ADMIN-001,Admin Dashboard,‚úÖ Implemented,Shelter staff can manage cat listings,
Enhancement,ADMIN-002,Image Upload,‚úÖ Implemented,Admins can upload cat photos to cloud storage,
Enhancement,DB-001,Database Backend,‚úÖ Implemented,Full Supabase integration with RLS policies,
Enhancement,DB-002,Real-time Updates,‚úÖ Implemented,Database-driven content,
Enhancement,SEC-001,Security,‚úÖ Implemented,Comprehensive RLS policies and input validation,
