Category,Bug ID,Severity,Status,Description,Location,Steps to Reproduce,Expected Behavior,Actual Behavior,Recommendation,Priority
EXECUTIVE SUMMARY,,,,,,,,,
,Total Issues Found,15,,,,,,,
,Critical,2,,,,,,,
,High,4,,,,,,,
,Medium,6,,,,,,,
,Low,3,,,,,,,
,Status: Working,0,,,,,,,
,Status: Broken,0,,,,,,,
,Status: Missing Feature,3,,,,,,,
,Status: Improvement,12,,,,,,,
,,,,,,,,,
CRITICAL ISSUES,,,,,,,,,
UI/Display,BUG-001,Critical,Missing Feature,Cat emojis not displayed on individual cards,src/components/CatCard.tsx,View any cat card on main page,Each cat card should display a unique emoji representation,Only text and images shown - no emoji on cards,Add emoji field to cat database and display on each CatCard component,CRITICAL
UI/Display,BUG-002,Critical,Improvement,No responsive image handling or lazy loading,src/components/CatCard.tsx,Load page with many cats,Images should lazy load and have proper responsive sizing,All images load immediately regardless of viewport,Add loading='lazy' to images and implement responsive srcset,CRITICAL
,,,,,,,,,
HIGH PRIORITY ISSUES,,,,,,,,,
Functionality,BUG-003,High,Missing Feature,Search button does nothing,src/pages/Index.tsx lines 207,Click Search button in filter section,Should trigger filter application or search action,Button exists but has empty onClick handler,Remove Search button as filtering is already real-time or add search-specific functionality,HIGH
Functionality,BUG-004,High,Improvement,No pagination for large cat lists,src/pages/Index.tsx,Add 50+ cats to database and view page,Should paginate results for performance,All cats load at once regardless of count,Implement pagination or infinite scroll for scalability,HIGH
Backend,BUG-005,High,Improvement,Favorites not synced with backend (user-specific),src/pages/Index.tsx lines 40-54,Add favorites then sign in on different device,Authenticated user favorites should sync across devices,Favorites only stored in localStorage (device-specific),Create user_favorites table and sync when authenticated,HIGH
Admin,BUG-006,High,Improvement,Only admins can delete cats not shelter_staff,Database RLS policies,Login as shelter_staff and try to delete cat,Shelter staff should be able to delete their own cats,Only admins have delete permission per RLS policy,Verify if intentional or update RLS policy to allow shelter_staff deletes,HIGH
,,,,,,,,,
MEDIUM PRIORITY ISSUES,,,,,,,,,
UX,BUG-007,Medium,Improvement,No loading state for favorite toggle,src/components/CatCard.tsx,Click heart icon rapidly,Should show loading state during async operations,Immediate UI update (no backend sync),Add visual feedback if backend sync is implemented,MEDIUM
UX,BUG-008,Medium,Improvement,No error boundaries for graceful failures,src/App.tsx,Force component error,Should show friendly error message,App crashes with white screen,Implement React Error Boundaries at route level,MEDIUM
Validation,BUG-009,Medium,Improvement,Image URL input requires URL but no upload option,src/pages/Admin.tsx lines 428-437,Try to add cat in admin,Should support file upload or provide clear guidance,Only accepts URL string - no file upload,Add file upload to Supabase Storage or clarify URL-only approach,MEDIUM
Data,BUG-010,Medium,Improvement,Good With filter values use hyphens but display may not,Database/UI mismatch,Filter by 'Good With' options,Display should match database values,Database uses 'other-cats' but display might show differently,Ensure consistent hyphenation: 'children' 'dogs' 'other-cats',MEDIUM
UX,BUG-011,Medium,Improvement,No confirmation for destructive admin actions,src/pages/Admin.tsx line 165,Delete a cat in admin,Should have clear confirmation dialog,Uses native browser confirm() - not styled,Use custom Dialog component for better UX consistency,MEDIUM
Performance,BUG-012,Medium,Improvement,All cats fetched regardless of filters,src/pages/Index.tsx lines 56-71,Apply filters,Should query with filters for efficiency,Fetches all cats then filters client-side,For large datasets consider server-side filtering,MEDIUM
,,,,,,,,,
LOW PRIORITY ISSUES,,,,,,,,,
UX,BUG-013,Low,Improvement,No empty state for admin dashboard,src/pages/Admin.tsx,View admin with no cats in database,Should show friendly empty state,Shows empty table,Add empty state with 'Add your first cat' message,LOW
Accessibility,BUG-014,Low,Improvement,Missing aria-labels on icon-only buttons,src/components/CatCard.tsx lines 89-100,Use screen reader on favorite button,Should announce button purpose,Only visual heart icon,Add aria-label='Add to favorites' or 'Remove from favorites',LOW
UX,BUG-015,Low,Improvement,View Favorites button doesn't show active state,src/components/FilterSection.tsx,Click View Favorites button,Button should show active/pressed state,Same appearance whether active or not,Add visual indicator when favorites filter is active,LOW
,,,,,,,,,
WORKING CORRECTLY,,,,,,,,,
✅,PASS-001,N/A,Working,Soft purple color scheme applied correctly,index.css,View application,Purple gradient background and purple accents,Correctly displayed,None needed,
✅,PASS-002,N/A,Working,All filter options work correctly,src/pages/Index.tsx lines 73-102,Apply multiple filters simultaneously,Should filter cats by all selected criteria,Filters work perfectly using useMemo,None needed,
✅,PASS-003,N/A,Working,Favorites persist in localStorage,src/pages/Index.tsx lines 40-54,Add favorites refresh page,Favorites should persist,Working correctly,None needed,
✅,PASS-004,N/A,Working,Adoption modal form validation,src/components/AdoptionModal.tsx,Submit adoption form with invalid data,Should validate all fields,Zod validation working perfectly,None needed,
✅,PASS-005,N/A,Working,Authentication flow,src/pages/Auth.tsx,Sign up and login,Should authenticate users,Working correctly with Supabase,None needed,
✅,PASS-006,N/A,Working,Admin dashboard CRUD operations,src/pages/Admin.tsx,Create edit cats as admin,Should allow full CRUD,Working correctly,None needed,
✅,PASS-007,N/A,Working,Role-based access control,useAuth.tsx + RLS policies,Access admin as regular user,Should redirect to auth,RLS and route guards working,None needed,
✅,PASS-008,N/A,Working,Responsive grid layout,src/pages/Index.tsx line 220,Resize browser window,Grid should adapt to screen size,Correctly shows 1/2/3/4 columns,None needed,
✅,PASS-009,N/A,Working,Database queries with RLS,Supabase queries,Fetch cats as authenticated vs anonymous,Should respect RLS policies,All policies working correctly,None needed,
✅,PASS-010,N/A,Working,Form validation in admin,src/pages/Admin.tsx lines 102-145,Submit invalid cat data,Should show validation errors,Zod validation working correctly,None needed,
,,,,,,,,,
RECOMMENDATIONS SUMMARY,,,,,,,,,
Priority,Recommendation ID,Category,Action Required,Effort,Impact,
CRITICAL,REC-001,Feature,Add cat emoji field to database and display on cards,Medium,High - Required by spec,
CRITICAL,REC-002,Performance,Implement lazy loading for images,Low,High - Performance,
HIGH,REC-003,Feature,Remove or implement Search button functionality,Low,Medium - UX clarity,
HIGH,REC-004,Scalability,Add pagination for cat listings,Medium,High - Performance at scale,
HIGH,REC-005,Feature,Sync favorites to backend for authenticated users,Medium,High - Cross-device UX,
HIGH,REC-006,Permissions,Clarify shelter_staff delete permissions,Low,Medium - Feature completeness,
MEDIUM,REC-007,UX,Add error boundaries for graceful failures,Medium,Medium - Stability,
MEDIUM,REC-008,Feature,Add file upload support in admin,High,Medium - Better UX,
MEDIUM,REC-009,Data Consistency,Standardize good_with display values,Low,Low - Data integrity,
MEDIUM,REC-010,UX,Replace browser confirm with custom dialogs,Low,Low - Visual consistency,
LOW,REC-011,UX,Add aria-labels for accessibility,Low,Low - Accessibility,
LOW,REC-012,UX,Show active state on View Favorites button,Low,Low - Visual feedback,
,,,,,,,,,
TESTING NOTES,,,,,,,,,
Environment,Note,,,,,,,
Browser,Tested via screenshot tool - appears to render correctly,,,,,,,
Database,Direct queries confirm data structure is correct,,,,,,,
Console,No errors found in console logs,,,,,,,
Network,No failed network requests detected,,,,,,,
Visual,Screenshot confirms soft purple theme applied successfully,,,,,,,
Functional,All core features (filters favorites adoption) working,,,,,,,
Security,RLS policies properly implemented and tested,,,,,,,
,,,,,,,,,
OVERALL ASSESSMENT,,,,,,,,,
Status,Details,,,,,,,
Application Status,Functional and stable,,,,,,,
Critical Blockers,0 (missing emoji is spec gap but not blocking),,,,,,,
User Experience,Good - minor improvements recommended,,,,,,,
Performance,Good for current scale - needs optimization for 50+ cats,,,,,,,
Security,Excellent - RLS policies properly implemented,,,,,,,
Code Quality,Good - clean React patterns proper TypeScript usage,,,,,,,
Recommended Action,Fix critical emoji issue and implement high priority improvements,,,,,,,